[
    {
    "id": 1,
    "name": "Hardware Repair",
    "description": "Donec sed odio dui. Cras justo odio, dapibus ac facilisis in, egestas eget quam. Vestibulum id ligula porta felis euismod semper. Fusce dapibus, tellus ac cursus commodo, tortor mauris condimentum nibh, ut fermentum massa.Nulla dapibus fermentum placerat.",
    "image": "http://kingofwallpapers.com/random-image/random-image-005.jpg" 
    },
    {
    "id": 2,
    "name": "Virus Removal",
    "description": "Donec sed odio dui. Cras justo odio, dapibus ac facilisis in, egestas eget quam. Vestibulum id ligula porta felis euismod semper. Fusce dapibus, tellus ac cursus commodo, tortor mauris condimentum nibh, ut fermentum massa.Nulla dapibus fermentum placerat.",
    "image": "http://kingofwallpapers.com/random-image/random-image-005.jpg" 
    },
    {
    "id": 3,
    "name": "System Tuneup",
    "description": "Donec sed odio dui. Cras justo odio, dapibus ac facilisis in, egestas eget quam. Vestibulum id ligula porta felis euismod semper. Fusce dapibus, tellus ac cursus commodo, tortor mauris condimentum nibh, ut fermentum massa.Nulla dapibus fermentum placerat.",
    "image": "http://kingofwallpapers.com/random-image/random-image-005.jpg" 
    }
]